id,predicted
7ae19de7bc2a,140004 13 140706 20 141410 21 142114 21 142818 21 143522 21 144226 21 144930 21 145634 20 146338 20 147042 19 147746 19 148451 18 149155 17 149859 17 150563 16 151268 15 151972 15 152677 13 153382 12 154087 10
7ae19de7bc2a,26627 15 27328 19 28030 21 28733 22 29436 23 30140 23 30844 23 31548 23 32252 23 32956 22 33660 22 34364 20 35069 17 35773 15 36478 12 37182 9
7ae19de7bc2a,355113 7 355815 9 356518 11 357220 13 357923 14 358626 15 359329 15 360033 15 360737 14 361441 14 362145 13 362849 12 363554 11 364258 10 364963 8 365667 8
7ae19de7bc2a,96418 4 97122 5 97826 6 98530 7 99233 8 99937 9 100641 9 101345 10 102049 10 102753 10 103457 11 104161 11 104865 11 105570 10 106274 10 106978 10 107682 10 108386 10 109091 9 109795 9 110499 9 111204 8 111908 7 112613 6 113317 5
7ae19de7bc2a,178918 6 179621 7 180324 9 181027 10 181731 10 182435 11 183139 11 183842 12 184546 12 185250 12 185954 12 186658 12 187362 12 188066 12 188770 11 189474 11 190178 10 190882 9 191587 7 192291 6 192995 5 193699 4 194403 3
7ae19de7bc2a,165718 12 166420 16 167123 19 167826 20 168530 20 169234 20 169938 20 170642 20 171347 19 172051 19 172756 17 173460 16 174164 15
7ae19de7bc2a,139542 4 140245 5 140949 6 141653 7 142356 8 143060 9 143764 9 144468 10 145172 10 145876 10 146581 10 147285 10 147989 10 148693 10 149398 9 150102 9 150807 8 151511 8 152216 7 152921 6 153627 3
7ae19de7bc2a,207960 8 208663 11 209366 13 210070 13 210773 14 211477 14 212181 14 212885 13 213589 13 214293 12 214997 12 215701 11 216406 9 217111 6
7ae19de7bc2a,146707 9 147411 12 148115 14 148819 15 149523 17 150227 19 150931 21 151635 23 152340 24 153045 24 153751 24 154456 25 155161 25 155867 25 156574 23 157281 20 157988 17 158696 13 159404 9
7ae19de7bc2a,177346 12 178047 17 178744 25 179448 25 180152 25 180856 25 181560 25 182264 24 182968 24 183672 23 184376 22 185081 20 185785 18 186490 16 187194 15 187898 14 188602 13 189306 12 190010 11 190714 10 191418 9 192122 8 192826 7
7ae19de7bc2a,178194 3 178897 4 179600 5 180304 5 181007 7 181710 8 182414 8 183117 10 183821 10 184524 12 185228 12 185932 12 186636 12 187340 12 188044 12 188748 12 189452 12 190157 11 190862 10 191567 9 192272 8 192977 7 193681 7 194386 6
7ae19de7bc2a,182517 5 183220 6 183924 7 184628 8 185332 9 186036 10 186740 11 187444 12 188149 12 188853 13 189557 14 190262 14 190966 15 191670 15 192375 14 193079 14 193783 14 194488 13 195192 13 195897 12 196601 12 197306 11 198010 11 198715 10 199419 10 200124 9 200829 8 201534 6
7ae19de7bc2a,148932 5 149634 8 150337 10 151040 11 151742 14 152445 16 153148 17 153852 18 154555 19 155259 19 155963 19 156667 20 157371 20 158075 20 158780 19 159484 19 160189 18 160894 17 161599 16 162304 15 163010 13 163715 12 164420 11 165127 7
7ae19de7bc2a,2559 9 3263 10 3967 11 4671 11 5375 12 6079 12 6783 12 7487 12 8191 12 8895 12 9599 12 10304 10 11008 9 11714 4
7ae19de7bc2a,224979 14 225679 18 226380 21 227082 23 227784 25 228487 26 229191 25 229895 23 230600 20 231305 17 232017 1 232022 1
7ae19de7bc2a,979 4 1682 8 2387 9 3092 12 3796 15 4501 16 5206 17 5911 17 6615 19 7320 19 8024 22 8729 21 9434 21 10138 21 10843 20 11548 19 12252 19 12957 18 13661 18 14366 16 15070 16 15775 15 16479 15 17184 14 17889 13 18593 13 19298 12 20003 11 20707 11 21412 10 22117 8 22822 6 23527 4
7ae19de7bc2a,75122 6 75824 9 76526 10 77228 10 77929 12 78630 14 79331 16 80033 16 80735 17 81437 19 82140 19 82844 18 83548 17 84252 17 84956 16 85661 14 86365 14 87070 12 87775 11 88480 10 89185 8 89890 7 90595 6 91300 4
7ae19de7bc2a,144279 8 144977 22 145679 26 146383 26 147087 26 147791 26 148495 26 149200 24 149906 19 150615 11
7ae19de7bc2a,132814 10 133515 15 134219 15 134923 15 135627 16 136331 16 137036 15 137741 14 138446 13 139151 12 139856 11 140561 10 141266 9 141971 8 142677 5
7ae19de7bc2a,321367 3 322071 5 322775 6 323478 8 324182 8 324886 8 325589 10 326293 10 326997 10 327701 10 328405 10 329109 10 329813 9 330517 9 331221 9 331925 8 332629 8 333333 8 334037 7 334742 6 335446 6 336150 6
7ae19de7bc2a,226324 9 227027 12 227731 13 228435 14 229139 15 229843 16 230547 17 231251 17 231955 18 232659 18 233364 17 234070 15 234775 14 235481 12 236187 10 236892 9 237598 7 238303 6
7ae19de7bc2a,317495 4 318196 11 318897 15 319599 18 320301 20 321002 23 321704 25 322406 27 323109 27 323811 29 324514 29 325217 28 325919 27 326623 21 327326 15 328030 9
7ae19de7bc2a,111244 8 111946 10 112648 11 113351 12 114054 12 114756 13 115459 13 116162 14 116866 14 117570 15 118274 15 118978 16 119682 17 120386 18 121090 18 121794 19 122498 19 123203 17 123909 14 124615 8
7ae19de7bc2a,279966 15 280670 18 281374 19 282078 21 282783 21 283488 21 284193 21 284899 21 285605 20 286311 19 287018 17 287724 16 288431 15 289137 13 289842 13 290548 12 291254 10 291959 9 292665 7 293370 6
7ae19de7bc2a,142321 9 143023 11 143726 12 144429 13 145132 14 145835 15 146538 16 147241 17 147944 18 148647 19 149350 20 150053 20 150757 19
7ae19de7bc2a,38818 2 39520 4 40223 5 40926 6 41630 6 42333 7 43036 8 43740 8 44444 9 45147 10 45851 10 46555 10 47259 11 47963 11 48666 12 49370 12 50075 11 50779 10
7ae19de7bc2a,255156 7 255859 10 256563 13 257267 15 257971 18 258676 19 259381 20 260086 20 260792 20 261497 20 262203 19 262909 17 263614 14 264320 10
7ae19de7bc2a,172840 7 173543 9 174245 11 174948 12 175651 13 176354 14 177058 14 177762 14 178466 13 179170 12 179874 12 180578 11 181282 9 181987 6
7ae19de7bc2a,64820 4 65523 6 66226 8 66930 8 67633 9 68337 9 69041 9 69745 9 70448 10 71152 10 71856 10 72559 11 73263 10 73967 9 74671 9 75375 7 76080 4
7ae19de7bc2a,289242 11 289942 18 290646 19 291350 19 292054 19 292758 19 293462 19 294168 17 294874 14 295581 10
7ae19de7bc2a,155595 4 156296 8 156999 9 157701 11 158402 13 159106 13 159810 11 160514 10 161218 9 161922 7 162626 6 163330 5 164034 4 164738 3 165442 2
7ae19de7bc2a,111021 7 111717 15 112418 18 113120 20 113823 21 114527 20 115231 20 115935 19 116639 19 117344 17 118048 16 118753 14 119457 14 120162 12 120867 11 121572 10 122277 8 122983 5
7ae19de7bc2a,49537 6 50240 8 50944 9 51648 10 52352 11 53056 12 53760 13 54464 14 55168 15 55872 15 56577 15 57281 15 57986 14 58691 13 59396 11
7ae19de7bc2a,33232 1 33934 4 34638 4 35340 6 36043 6 36746 6 37449 7 38152 7 38855 8 39558 8 40260 10 40963 11 41665 12 42368 13 43070 14 43772 16 44475 16 45178 17 45881 17 46585 17 47288 18 47991 18 48694 19 49397 19 50101 19 50804 20 51508 19 52212 19 52916 18 53620 18 54325 16 55030 14 55734 12 56438 10 57143 7
7ae19de7bc2a,47606 8 48308 10 49010 12 49712 14 50415 14 51117 16 51821 15 52525 14 53229 14 53933 13 54638 11 55343 10 56050 3
7ae19de7bc2a,113150 3 113851 7 114554 9 115258 9 115961 10 116665 11 117369 11 118073 11 118776 12 119480 12 120184 12 120887 13 121591 13 122295 13 122998 14 123702 14 124407 13 125111 13 125815 13 126519 12 127224 11 127928 11 128633 10 129337 10 130041 9 130746 8 131450 8 132155 7 132860 5 133565 3
7ae19de7bc2a,60803 8 61506 9 62210 10 62914 11 63618 11 64322 12 65026 12 65730 13 66434 14 67138 14 67843 14 68548 14 69254 13 69959 13 70665 12 71371 11 72077 9 72782 8 73487 6 74192 4
7ae19de7bc2a,196288 1 196991 3 197695 4 198399 5 199103 6 199806 8 200510 9 201213 10 201916 12 202619 14 203321 17 204024 19 204728 20 205431 20 206135 20 206838 21 207542 20 208247 19 208951 19 209655 19 210359 19 211064 18 211768 18 212473 17 213178 16 213883 15 214589 14 215294 14 215999 13 216704 13 217410 11 218115 9
7ae19de7bc2a,343169 4 343872 6 344575 7 345278 8 345980 10 346683 10 347386 11 348089 12 348792 13 349494 14 350197 15 350901 15 351604 15 352307 16 353011 15 353714 15 354418 15 355121 15 355824 16 356529 13 357233 12 357937 10 358641 9 359344 8 360048 7 360752 7 361456 6 362161 4
7ae19de7bc2a,59902 4 60605 7 61309 7 62012 9 62715 11 63418 13 64122 15 64825 18 65529 19 66234 18 66938 18 67642 18 68346 17 69050 16 69754 15 70458 13 71162 12 71866 11 72571 9 73275 7 73980 3
7ae19de7bc2a,263922 10 264626 14 265330 17 266035 18 266740 19 267445 19 268150 20 268856 19 269561 19 270267 17 270973 16 271679 15 272384 14 273091 10
7ae19de7bc2a,218431 5 219135 6 219839 8 220543 9 221248 9 221953 10 222657 11 223362 12 224066 13 224771 13 225476 13 226181 13 226886 13 227591 13 228297 11 229002 10 229708 8 230413 7 231119 5
7ae19de7bc2a,288972 5 289675 7 290378 9 291081 10 291785 10 292489 10 293192 12 293896 11 294601 10 295305 10 296009 10 296713 9 297418 8 298123 6 298828 4
7ae19de7bc2a,304436 8 305139 9 305842 11 306545 12 307248 13 307951 14 308654 15 309358 14 310061 14 310765 14 311469 13 312172 13 312876 12 313580 12 314284 11 314988 10 315692 10 316396 8 317100 7 317806 2
7ae19de7bc2a,110118 5 110820 9 111524 11 112228 12 112931 15 113635 16 114339 17 115043 19 115747 20 116452 20 117156 21 117860 23 118564 23 119270 22 119980 16
7ae19de7bc2a,47747 9 48448 14 49149 18 49849 22 50551 24 51253 25 51957 24 52660 24 53364 23 54068 22 54772 21 55476 20 56180 19 56884 18 57589 16 58293 15 58998 13 59703 12 60407 11 61112 9 61817 7 62522 5
7ae19de7bc2a,258515 9 259219 10 259923 12 260627 13 261331 14 262035 15 262739 15 263443 16 264147 16 264851 17 265556 16 266260 16 266964 17 267669 16 268373 16 269078 14 269782 12 270487 10 271192 7 271897 5
7ae19de7bc2a,301627 11 302330 13 303034 13 303738 13 304444 11 305148 11 305853 10 306557 10 307261 10 307965 10 308670 9
7ae19de7bc2a,345797 8 346499 18 347202 21 347905 22 348608 24 349311 25 350015 25 350719 25 351423 25 352127 24 352831 24 353535 24 354239 24 354943 23 355648 22 356352 21 357057 20 357761 19 358465 18 359169 17 359873 16 360576 16 361279 16 361982 16 362684 16 363387 14 364091 12
7ae19de7bc2a,298362 5 299066 10 299769 14 300471 17 301172 22 301874 24 302573 30 303273 34 303975 36 304678 37 305381 37 306085 37 306789 37 307492 38 308196 38 308900 38 309604 18 309623 1 309626 15 310308 13 310339 5 311012 10 311716 8 312421 5 313127 1
7ae19de7bc2a,324081 9 324784 12 325487 14 326191 15 326896 15 327600 15 328305 15 329009 16 329714 15 330419 15 331124 15 331829 15 332534 15 333240 13 333946 12 334652 11 335358 9 336064 7 336770 5
7ae19de7bc2a,216476 5 217172 16 217876 18 218580 19 219284 19 219988 20 220692 20 221396 20 222100 20 222804 20 223509 19 224213 19 224918 18 225624 16 226333 11 227039 9 227744 8 228449 7 229154 6
7ae19de7bc2a,211534 6 212238 6 212942 7 213645 8 214349 8 215053 8 215757 8 216460 9 217164 8 217868 8 218572 8 219276 8 219980 8 220684 8 221388 8 222092 8 222796 8 223500 9 224204 9 224908 9 225612 9 226316 8 227020 7 227724 7 228428 7 229132 7 229837 6 230542 5 231247 4
7ae19de7bc2a,337041 5 337745 6 338449 6 339152 8 339856 8 340560 9 341264 10 341968 10 342672 11 343376 12 344080 13 344784 15 345488 16 346192 17 346896 18 347600 18 348304 18 349008 18 349712 18 350416 17 351120 17 351824 18 352528 18 353232 18 353936 18 354640 18 355345 17 356049 17 356753 17 357458 16 358162 16 358867 15 359571 15 360276 14 360981 13 361686 12 362391 11 363096 9 363801 9
7ae19de7bc2a,2668 6 3367 16 4068 19 4771 21 5474 22 6178 22 6882 22 7587 20 8292 18 8998 13
7ae19de7bc2a,347619 3 348322 6 349026 7 349730 7 350433 9 351137 9 351842 8 352546 8 353250 8 353954 7 354658 6
7ae19de7bc2a,62127 4 62830 6 63534 7 64237 8 64941 9 65645 9 66349 9 67052 10 67756 10 68460 10 69164 10 69868 11 70572 11 71277 10 71981 10 72685 9 73389 9 74093 9 74798 8 75502 8 76207 7 76911 7 77615 6 78320 5 79024 5 79728 5 80432 5 81137 3 81841 3 82545 3 83250 2
7ae19de7bc2a,233147 4 233852 5 234557 6 235261 8 235966 9 236671 10 237376 10 238080 13 238785 14 239489 15 240194 16 240898 17 241603 17 242308 17 243013 18 243718 18 244423 18 245129 16 245833 16 246540 13 247247 10 247952 9 248658 8 249362 8 250067 6 250773 4 251478 2
7ae19de7bc2a,14722 12 15423 18 16125 22 16828 24 17532 24 18237 23 18941 23 19645 21 20349 19 21054 16 21759 13
7ae19de7bc2a,248795 7 249499 10 250203 13 250907 16 251611 17 252315 19 253019 21 253723 22 254429 20 255135 19 255841 17 256548 14
7ae19de7bc2a,220909 8 221612 10 222315 11 223019 12 223723 12 224427 12 225131 12 225835 12 226539 12 227243 12 227948 11 228652 11 229357 10 230062 9 230766 9 231471 8 232176 7
7ae19de7bc2a,114450 9 115152 13 115856 14 116560 15 117264 16 117968 17 118672 17 119376 17 120080 17 120784 17 121488 17 122192 17 122896 16 123600 15 124305 13 125010 11 125715 8
7ae19de7bc2a,60099 7 61515 1 62209 1 62913 1 63617 1 64321 1 65025 1 65729 1 66433 1 67137 1 67842 1 69253 1
7ae19de7bc2a,223361 1 224770 1 226180 1 226885 1 227590 1 228295 2 229001 1 229706 2 229716 1 230411 2 230420 2 231116 3 231124 3 231821 11 232526 10 233232 9 233937 8 234642 6 235347 5 236052 4 236757 3
7ae19de7bc2a,75689 5 76392 7 77095 9 77799 10 78503 11 79206 12 79910 12 80613 14 81317 14 82020 15 82724 14 83428 14 84131 14 84834 15 85538 14 86241 14 86945 13 87648 13 88351 13 89055 13 89759 12 90463 11 91166 11 91870 10 92575 8 93279 6
7ae19de7bc2a,79610 7 80312 10 81016 11 81719 12 82422 14 83126 14 83829 15 84533 15 85236 16 85940 16 86644 16 87348 16 88052 16 88756 16 89460 16 90164 15 90868 15 91572 14 92278 11 92984 8
7ae19de7bc2a,101401 11 102102 17 102804 20 103507 21 104210 22 104914 22 105619 21 106324 20 107029 17 107736 10
7ae19de7bc2a,198099 6 198803 10 199507 13 200211 15 200916 16 201620 18 202325 17 203029 18 203733 19 204438 18 205142 18 205847 17 206552 16 207257 14 207968 6 208674 3
7ae19de7bc2a,67530 8 68234 9 68939 10 69644 10 70348 12 71053 12 71758 12 72462 13 73167 12 73871 13 74575 13 75279 14 75984 13 76688 14 77392 14 78097 13 78802 13 79506 13 80211 12 80916 12 81621 11 82326 10 83030 11 83735 10 84440 9 85144 10 85849 9 86554 8 87258 9 87963 8 88667 8 89371 8 90076 7 90780 7 91485 6 92189 6 92894 5 93598 5
7ae19de7bc2a,88885 8 89589 9 90292 12 90996 13 91700 14 92403 16 93108 16 93812 17 94515 18 95219 18 95923 17 96627 17 97331 16 98035 14 98739 13 99443 11 100149 6
7ae19de7bc2a,114868 2 115571 5 116274 7 116977 9 117680 11 118384 12 119088 12 119792 12 120496 12 121200 12 121904 12 122608 12 123312 11 124016 11 124720 9
7ae19de7bc2a,983 2 1690 2 2396 3 3104 2 3811 1
7ae19de7bc2a,168744 4 169446 7 170148 10 170851 13 171553 16 172256 17 172959 18 173661 20 174363 22 175065 23 175767 23 176470 22 177173 20 177877 18 178581 16 179285 15 179989 13 180693 12 181397 10 182103 5
7ae19de7bc2a,243010 1 243713 5 244417 6 245121 7 245825 8 246530 10 247239 2 247245 2 247943 4 247950 2 248647 7 248656 2 249351 11 250055 12 250760 13 251465 13 252170 13 252875 13 253580 13 254285 13 254990 12 255694 12 256399 11 257105 9 257810 8
7ae19de7bc2a,2684 14 3387 15 4090 16 4793 17 5497 17 6201 16 6905 16 7609 14 8313 13 9017 12 9722 10 10428 6
7ae19de7bc2a,119516 7 120220 9 120923 11 121627 11 122331 11 123035 11 123739 11 124443 11 125147 11 125851 11 126555 11 127259 11 127963 11
7ae19de7bc2a,140353 5 141057 6 141761 6 142465 7 143169 8 143873 8 144577 9 145281 9 145985 9 146689 9 147393 10 148097 10 148801 10 149505 11 150209 12 150913 12 151618 12 152322 13 153026 13 153731 12 154435 12 155140 11 155845 10 156550 8 157256 5
7ae19de7bc2a,117884 6 118587 9 119292 10 119996 11 120699 12 121403 13 122107 14 122812 14 123516 14 124221 14 124926 13 125631 11 126336 10
7ae19de7bc2a,16235 7 16937 10 17640 11 18343 12 19047 12 19750 13 20454 13 21157 14 21860 15 22564 14 23268 12
7ae19de7bc2a,336860 9 337563 11 338265 14 338969 14 339672 16 340376 16 341080 17 341784 17 342488 18 343192 18 343896 18 344600 18 345304 18 346010 16 346717 13 347425 9 348131 6 348838 1
7ae19de7bc2a,252507 4 253211 6 253914 8 254617 10 255320 12 256024 13 256729 13 257434 13 258138 14 258843 14 259547 15 260252 14 260956 15 261661 14 262366 14 263071 13 263777 12 264482 11 265187 10 265893 8 266598 7 267304 4
7ae19de7bc2a,49031 6 49734 9 50437 11 51140 13 51844 13 52547 13 53251 13 53955 12 54659 11 55362 11 56066 10 56770 9 57474 8 58178 6 58882 5 59586 4 60290 3
7ae19de7bc2a,201677 1 202380 3 202386 1 203084 8 203789 7 204493 8 205197 8 205901 8 206605 8 207309 8 208013 8 208717 8 209421 8 210125 8 210829 8 211533 1 211540 1 212237 1 212244 2 212941 1 212949 1 213653 1 214357 1 215061 1 215756 1 215765 1 216469 1
7ae19de7bc2a,190074 5 190775 8 191479 8 192182 9 192885 10 193589 10 194292 11 194996 11 195700 11 196404 11 197108 10 197812 9 198516 9 199220 8 199924 8 199934 1 200628 11 201332 11 202036 11 202741 10 203446 9 204150 9 204855 8
7ae19de7bc2a,40671 7 41371 15 42073 19 42777 21 43481 22 44186 23 44890 23 45596 22 46303 19 47011 15
7ae19de7bc2a,97243 9 97944 13 98646 15 99349 16 100053 16 100757 16 101463 14 102169 11 102874 9 103581 4
7ae19de7bc2a,282489 2 283186 12 283887 16 284590 17 285294 17 285998 17 286703 16 287407 16 288112 15 288817 13 289522 10
7ae19de7bc2a,223543 6 224246 8 224949 11 225653 12 226357 13 227061 14 227765 14 228469 15 229173 16 229877 17 230581 17 231285 18 231989 19 232693 19 233397 19 234101 18 234806 11 235510 8 236216 4
7ae19de7bc2a,10524 6 11227 8 11930 10 12633 12 13337 12 14040 15 14744 16 15448 16 16152 16 16856 15 17560 15 18264 14 18968 13 19673 11 20378 8 21084 2
7ae19de7bc2a,89748 8 90450 11 91154 11 91858 12 92562 12 93266 13 93970 13 94675 12 95380 11 96085 10 96789 10 97493 9 98198 8 98902 7 99606 7 100309 7 101013 7 101717 6 102421 5 103125 5 103829 4 104532 5 105236 4
7ae19de7bc2a,92170 8 92871 12 93574 13 94276 15 94980 15 95683 16 96386 17 97090 17 97794 17 98498 17 99203 16 99915 4
7ae19de7bc2a,128857 3 129559 5 130246 6 130266 1 130948 10 130964 7 131652 13 131666 9 132356 24 133060 23 133764 23 134468 22 135173 21 135877 20 136582 18 137286 18 137990 17 138695 15 139399 14 140103 14 140807 13 141511 11 142215 9 142919 8 143623 7 144327 6 145031 4 145734 4 146438 3
7ae19de7bc2a,189694 1 190396 6 191099 8 191802 10 192506 11 193210 11 193914 11 194618 11 195323 10 196028 9 196732 9 197438 7
7ae19de7bc2a,92155 8 92857 11 93560 12 94264 12 94968 12 95671 12 96375 11 97079 11 97783 11 98487 11 99191 11 99895 11 100599 10 101302 10 102006 9 102709 9 103413 8 104117 8 104821 7 105525 6 106229 6 106933 5 107637 4
7ae19de7bc2a,131751 16 132453 19 133155 20 133857 21 134560 21 135263 20 135965 20 136668 18 137369 19 138072 18 138775 17 139479 14 140183 10
7ae19de7bc2a,237386 1
7ae19de7bc2a,117779 6 118481 11 119184 14 119886 19 120589 22 121292 23 121995 22 122698 21 123401 19 124104 15 124807 11 125510 10 126214 7
7ae19de7bc2a,116487 5 117191 6 117894 8 118598 9 119302 10 120007 10 120711 11 121416 11 122121 11 122826 11 123530 12 124235 12 124939 13 125642 15 126347 14 127051 15 127756 15 128462 13 129167 13 129873 11 130579 9 131286 6 131992 3
7ae19de7bc2a,305364 1 306068 3 306765 12 307468 15 308172 16 308876 16 309580 18 310284 18 310989 19 311694 19 312399 20 313104 20 313809 20 314514 20 315219 19 315925 18 316630 17 317335 17 318040 16 318745 16 319450 15 320155 14 320861 12 321566 10 322271 7
7ae19de7bc2a,228262 5 228963 11 229667 13 230371 14 231075 14 231779 14 232483 14 233187 14 233891 13 234596 11 235302 7
7ae19de7bc2a,201196 4 201900 5 202603 7 203305 9 204007 12 204709 14 205412 16 206116 16 206819 17 207523 17 208228 16 208932 13 209637 10 210342 5 211047 2
d48ec7815252,64877 6 65580 8 66283 10 66986 11 67690 11 68393 12 69096 13 69800 12 70503 13 71206 13 71909 13 72612 14 73315 15 74018 15 74721 16 75424 17 76128 16 76831 17 77534 18 78237 19 78941 19 79644 20 80347 20 81051 20 81754 21 82457 22 83161 22 83864 23 84567 24 85271 24 85975 24 86678 24 87382 24 88085 25 88789 25 89493 25 90196 26 90900 26 91604 26 92307 27 93011 28 93715 28 94419 28 95122 29 95826 30 96530 30 97233 32 97937 33 98640 34 99343 36 100047 36 100750 38 101453 39 102156 39 102859 40 103562 40 104265 40 104967 40 105670 39 106372 40 107075 40 107779 39 108483 38 109187 5 109194 30 109900 28 110605 26 111310 24 112014 23 112718 23 113422 22 114127 21 114831 20 115535 19 116240 17 116945 16 117649 15 118353 15 119057 15 119762 13 120469 7
d48ec7815252,210357 1 211060 4 211763 5 212467 5 213171 5 213874 7 214577 8 215280 9 215983 12 216686 23 217389 29 218092 32 218794 34 219497 36 220200 37 220903 37 221606 36 222309 36 223013 34 223716 33 224419 32 225123 29 225827 27 226531 25 227235 7 227245 14 227940 2 227949 12 228654 10 229358 10 230062 9 230766 9 231470 8 232174 8 232878 8 233582 8 234286 8 234990 8 235694 7 236399 6 237103 5 237808 3
d48ec7815252,198044 3 198746 7 199448 10 200150 14 200851 19 201552 24 202252 30 202948 38 203651 40 204356 40 205060 41 205764 42 206468 42 207173 42 207877 42 208581 42 209285 42 209988 42 210692 41 211395 36 212099 29 212802 26 213504 25 214208 22 214911 21 215614 20 216317 19 217021 18 217725 16 218430 14 219138 8
d48ec7815252,312668 2 313371 4 314075 5 314780 4 315484 5 316188 5 316892 6 317596 6 318300 7 319004 7 319708 8 320413 7 321117 8 321821 8 322525 9 323229 9 323933 10 324637 11 325341 11 326046 11 326750 11 327454 13 328158 13 328862 13 329566 14 330270 14 330974 15 331678 15 332382 16 333086 17 333790 17 334495 17 335199 19 335902 20 336606 21 337310 22 338014 22 338717 24 339421 25 340124 27 340828 28 341531 29 342234 31 342937 33 343641 34 344344 36 345045 40 345749 41 346454 42 347160 6 347167 34 347868 1 347872 34 348576 35 349280 36 349985 36 350690 36 351394 38 352097 40 352800 42 353502 45 354206 46 354909 48 355613 48 356317 6 356330 36 357036 35 357742 33 358448 31 359153 31 359859 28 360565 26 361270 25 361975 24 362680 22 363390 14
d48ec7815252,5263 2 5967 3 6670 4 7373 4 8077 3 8780 3 9483 4 10187 3 10890 4 11594 4 12298 4 13001 4 13704 4 14407 5 15111 5 15814 6 16517 7 17221 7 17924 7 18627 8 19331 7 20034 8 20737 9 21440 9 22144 9 22848 8 23552 8 24255 8 24959 8 25663 8 26366 8 27070 8 27774 7 28477 8 29181 8 29884 8 30588 8 31292 8 31995 8 32699 8 33403 7 34107 7 34811 6 35514 7 36218 6 36921 7 37625 7 38329 6 39032 7 39735 7 40439 6 41142 7 41846 6 42550 6 43253 7 43957 7 44660 7 45363 8 46066 9 46769 9 47472 10 48175 11 48877 12 49581 12 50284 12 50987 11 51690 11 52393 11 53095 11 53798 11 54501 11 55203 11 55905 12 56608 12 57308 14 58009 15 58712 15 59415 14 60118 13 60821 13 61525 12 62228 10 62931 9 63635 7
d48ec7815252,149623 10 150326 12 151029 15 151732 26 151766 2 152435 30 152469 4 153136 41 153839 42 154518 4 154538 47 155220 9 155231 2 155237 2 155241 48 155924 68 156627 68 157331 67 158035 65 158739 64 159444 62 160149 60 160856 56 161563 52 162269 49 162976 45 163682 42 164389 38 165097 33 165804 29 166512 25 167218 23 167923 21 168628 20 169333 18 170038 17 170743 15 171448 14 172152 14 172857 13 173561 13 174265 13 174970 12 175674 12 176379 11 177083 11 177787 11 178492 10 179196 10 179900 10 180604 10 181309 9 182013 9 182718 8 183422 8 184126 8 184831 7 185535 7 186240 7 186944 7 187648 7 188353 7 189057 7 189762 6 190466 6 191171 6 191875 6 192579 6 193284 6 193988 6 194693 6 195397 6 196102 5 196806 5 197510 5 198215 4 198920 3 199625 2
d48ec7815252,168365 9 169067 12 169770 13 170474 14 171177 16 171881 17 172586 17 173290 18 173994 20 174699 20 175404 21 176109 21 176813 24 177518 26 178223 27 178928 28 179632 31 180337 31 181041 31 181746 32 182451 31 183156 31 183860 32 184565 32 185271 31 185976 30 186682 29 187387 29 188092 29 188799 28 189506 26 190212 26 190920 24 191627 23 192334 22 193041 22 193749 20 194456 19 195166 18 195873 17 196579 18 197286 17 197994 16 198700 15 199405 16 200111 17 200819 15 201526 13 202235 9 202942 6
d48ec7815252,80825 2 81527 5 82230 7 82933 9 83636 11 84339 13 85041 16 85745 17 86449 18 87153 20 87857 22 88562 24 89269 2 89272 21 89979 21 90684 25 91389 26 92095 26 92800 27 93504 28 94210 26 94915 25 95620 23 96324 22 97029 21 97734 19 98439 18 99143 17 99848 16 100553 15 101258 13 101962 12 102667 10 103371 9 104077 4
d48ec7815252,1346 4 2048 8 2752 8 3456 8 4160 8 4864 8 5568 8 6272 8 6976 8 7680 7 8384 7 9088 7 9792 7 10496 7 11199 8 11903 8 12607 8 13311 8 14015 8 14719 8 15423 8 16127 8 16831 9 17535 9 18239 9 18943 9 19648 9 20352 9 21056 10 21760 10 22464 11 23168 11 23872 12 24576 12 25279 14 25983 14 26687 14 27391 15 28095 15 28799 16 29502 17 30206 18 30910 18 31614 19 32318 20 33023 20 33727 21 34432 21 35136 23 35841 24 36545 25 37250 27 37956 29 38669 23 39376 22 40080 23 40785 1 40794 14 41501 11 42209 7
d48ec7815252,58397 5 59100 6 59803 8 60506 10 61209 11 61913 12 62617 13 63321 13 64025 14 64729 14 65433 15 66137 15 66841 16 67545 17 68249 17 68953 18 69657 18 70361 20 71065 20 71769 21 72473 22 73177 23 73881 24 74585 25 75289 26 75993 27 76698 27 77402 29 78106 30 78810 31 79514 31 80218 31 80922 31 81626 24 82330 22 83034 21 83738 19 84443 18 85147 17 85851 16 86555 15 87259 14 87963 13 88667 13 89371 12 90075 11 90779 11 91483 10 92187 10 92891 9 93595 8 94300 7 95004 6 95708 6 96414 2
d48ec7815252,1061 1 1762 6 2466 6 3170 6 3873 7 4577 7 5281 7 5984 8 6688 8 7391 9 8095 9 8799 9 9503 9 10206 10 10910 10 11613 11 12317 11 13020 12 13724 12 14427 13 15131 12 15835 12 16539 12 17243 11 17946 12 18650 12 19353 12 20057 12 20761 12 21465 11 22169 11 22872 12 23576 12 24280 11 24983 12 25687 12 26390 13 27093 14 27797 13 28500 14 29203 15 29906 16 30609 17 31313 17 32016 17 32719 18 33422 19 34125 20 34828 20 35532 20 36235 21 36938 22 37641 22 38344 23 39047 24 39750 24 40453 25 41156 25 41860 25 42563 25 43267 24 43970 24 44674 23 45378 22 46082 21 46786 19 47490 18 48194 17 48898 17 49602 16 50307 14 51011 13 51716 11 52421 10 53126 8 53830 8 54534 7 55240 4
d48ec7815252,85104 17 85807 21 86509 25 87211 30 87914 32 88616 35 89318 39 90019 43 90721 46 91424 48 92126 50 92829 51 93532 35 93578 5 94236 31 94940 28 95643 26 96346 25 97050 23 97753 21 98457 19 99160 15 99864 13 100568 9 101271 8 101974 6 102677 6 103380 6 104083 5 104788 2
d48ec7815252,166090 2 166793 3 167497 3 168200 4 168904 3 169607 3 170309 5 171013 4 171715 5 172419 5 173122 6 173825 6 174528 6 175231 6 175934 6 176637 7 177341 7 178044 6 178748 5 179451 6 180154 6 180857 6 181560 7 182263 7 182967 6 183670 6 184374 5 185077 5 185780 6 186483 6 187186 7 187889 7 188593 6 189296 6 189999 7 190702 7 191405 7 192109 7 192812 7 193515 7 194218 7 194922 6 195625 6 196329 6 197032 6 197735 7 198438 7 199142 6 199845 7 200548 7 201251 8 201955 7 202657 8 203360 8 204063 9 204766 9 205469 10 206172 10 206874 12 207577 13 208280 13 208983 14 209686 14 210389 15 211092 16 211794 17 212497 18 213200 19 213903 19 214605 21 215308 21 216010 21 216046 4 216052 2 216714 19 216750 8 217418 17 218124 13 218828 11 219533 9 220237 7 220940 7 221642 8 222345 8 223047 9
d48ec7815252,358149 2 358850 8 359552 12 360254 19 360958 27 361662 31 362365 38 363069 52 363123 1 363774 58 364478 61 365185 58
d48ec7815252,247951 1 247954 2 248654 7 249357 9 250059 12 250762 15 251466 16 252169 17 252873 18 253577 19 254281 20 254985 20 255689 21 256394 20 257098 21 257802 21 258507 21 259212 21 259917 20 260621 21 261326 21 262031 20 262736 20 263441 19 264146 19 264850 20 265555 19 266260 19 266964 19 267669 19 268374 19 269079 19 269783 19 270488 19 271193 18 271898 18 272603 18 273307 19 274012 19 274717 18 275422 18 276127 17 276832 17 277537 16 278242 16 278947 15 279651 15 280356 15 281061 15 281766 15 282470 15 283175 15 283880 14 284585 13 285289 14 285994 14 286699 14 287404 14 288108 14 288813 13 289517 14 290222 14 290927 14 291632 13 292336 13 293041 12 293745 13 294449 13 295153 13 295858 12 296562 12 297266 12 297971 11 298676 11 299381 10 300085 10 300789 10 301494 9 302198 9 302902 8 303607 6 304313 3 305018 2
d48ec7815252,53717 8 54421 10 55125 15 55148 3 55828 18 55847 10 56531 31 57234 32 57937 35 58641 36 59344 38 60047 39 60750 40 61453 40 62156 39 62860 37 63563 36 64267 35 64972 33 65676 32 66380 32 67084 31 67788 31 68493 30 69197 30 69902 29 70606 29 71311 28 72015 28 72720 26 73425 25 74129 25 74833 23 75538 20 76242 18 76947 13 77651 7 78356 4
d48ec7815252,217108 6 217811 6 218514 6 219218 7 219921 9 220625 8 221329 6 222032 7 222734 10 223438 10 224142 9 224845 10 225547 12 226250 13 226954 12 227657 12 228361 10 229063 11 229764 13 230465 15 231169 13 231872 12 232575 12 233276 14 233978 15 234680 16 235382 17 236083 18 236785 18 237487 18 238188 20 238889 22 239589 25 240291 26 240953 17 240991 29 241645 78 242345 82 243049 81 243752 80 244457 79 245162 78 245869 74 246581 65 247288 60 247994 57 248700 54 249408 49 250115 45 250825 38 251533 33 252241 28 252948 24 253654 20 254360 17 255066 15 255771 13 256482 1
d48ec7815252,321016 4 321718 9 322421 11 323124 12 323828 13 324531 14 325235 14 325938 15 326642 15 327345 16 328048 17 328752 17 329455 18 330159 18 330863 18 331567 18 332272 17 332976 17 333681 15 334386 12 335091 10
d48ec7815252,259200 4 259903 6 260607 6 261310 8 262014 9 262719 8 263423 8 264127 9 264831 9 265535 9 266239 9 266943 9 267647 9 268351 9 269055 9 269759 9 270463 9 271167 9 271871 9 272575 9 273279 9 273983 8 274687 8 275391 8 276095 8 276799 8 277503 8 278207 8 278911 8 279615 8 280319 8 281023 8 281727 8 282432 7 283136 7 283840 7 284544 7 285248 7 285952 7 286656 7 287360 7 288064 7 288768 7 289472 7 290177 6 290881 6 291585 7 292289 7 292993 7 293697 7 294401 7 295105 7 295809 7 296513 7 297217 7 297921 7 298625 8 299329 8 300033 8 300737 9 301441 9 302145 9 302849 10 303553 10 304257 11 304961 11 305665 11 306368 12 307072 12 307776 13 308480 13 309184 14 309887 16 310591 18 311295 20 311999 22 312702 23 313406 23 314109 24 314813 24 315516 25 316220 24 316922 26 317624 27 318325 29 319027 30 319730 30 320434 29 321137 29 321841 29 322544 30 323248 29 323952 29 324657 28 325361 27 326065 27 326769 27 327473 27 328177 27 328881 27 329585 26 330289 26 330993 26 331698 25 332402 25 333106 25 333810 25 334515 24 335220 22 335924 21 336628 21 337333 19 338038 18 338743 16 339447 16 340152 15 340857 13 341563 8
d48ec7815252,123206 1 123909 13 124613 13 125317 14 126021 14 126725 15 127429 15 128133 15 128837 16 129541 16 130245 16 130949 16 131653 16 132357 16 133061 16 133765 16 134469 17 135173 17 135877 17 136581 17 137285 17 137989 18 138693 18 139397 18 140101 18 140805 18 141511 16 142215 17 142919 17 143624 16 144328 16 145032 17 145737 16 146443 14 147147 15 147851 15 148555 15 149260 15 149965 14 150669 14 151373 15 152077 15 152782 15 153486 15 154191 14 154895 15 155599 15 156304 15 157008 16 157712 16 158417 16 159121 16 159825 17 160529 17 161233 18 161937 18 162642 18 163346 18 164050 19 164754 19 165459 18 166163 19 166867 19 167572 18 168276 18 168980 19 169685 18 170389 18 171093 18 171798 17 172502 18 173207 17 173911 17 174616 16 175321 14
d48ec7815252,275446 2 276149 4 276853 4 277557 5 278261 5 278965 6 279669 6 280373 7 281078 7 281782 7 282486 8 283191 7 283895 7 284600 7 285304 8 286009 8 286713 8 287418 7 288122 8 288827 7 289531 8 290236 7 290941 7 291645 8 292349 9 293053 9 293758 9 294462 10 295166 10 295870 11 296574 12 297278 13 297982 13 298687 13 299391 14 300095 14 300800 14 301504 15 302208 15 302913 15 303618 15 304322 16 305027 15 305732 15 306437 14 307141 14 307846 14 308551 13 309256 13 309961 12 310666 12 311371 11 312075 11 312780 10 313485 10 314189 10 314894 9 315599 9 316304 8 317008 8 317713 8 318417 8 319122 7 319827 7 320531 7 321236 7 321940 7 322645 6 323349 7 324054 7 324758 7 325463 7 326167 7 326872 7 327576 7 328281 7 328985 8 329690 8 330395 7 331099 7 331804 7 332508 7 333213 6 333918 5 334623 4 335328 4 336032 3
d48ec7815252,133581 10 133592 2 134285 26 134988 28 135693 28 136397 29 137105 25 137811 23 138516 23 139220 23 139925 22 140629 23 141334 23 142039 22 142743 23 143448 23 144153 23 144859 23 145563 24 146268 23 146972 24 147676 24 148381 24 149085 24 149789 25 150494 24 151198 25 151902 25 152607 25 153311 25 154016 25 154720 25 155425 25 156129 25 156833 26 157538 25 158242 25 158946 25 159651 24 160355 23 161059 23 161764 21 162469 20 163173 19 163878 17 164582 17 165287 16 165992 15 166696 15 167401 14 168105 14 168810 13 169514 12 170219 11 170924 9 171628 9 172333 7 173037 6 173742 4 174446 4 175151 2
d48ec7815252,2820 8 3524 11 4228 15 4933 19 5640 25 6349 28 7058 27 7766 27 8473 25 9181 24 9889 24 10599 19 11307 18 12013 20 12720 19 13427 19 14133 19 14840 20 15548 22 16254 25 16960 25 17668 23 18374 23 19080 23 19788 22 20494 22 21201 21 21908 21 22614 22 23321 21 24028 21 24734 20 25442 17 26149 15 26855 15 27564 10 28270 8 28977 6
d48ec7815252,323802 9 324503 14 325205 17 325908 19 326612 20 327316 21 328020 21 328724 22 329428 22 330132 21 330836 20 331540 19 332245 17 332950 14 333655 12
d48ec7815252,61313 5 62015 9 62717 12 63420 14 64123 16 64826 18 65529 20 66232 22 66935 24 67638 26 68341 28 69043 30 69746 32 70450 32 71153 34 71855 37 72557 39 73259 42 73946 13 73960 46 74645 18 74665 46 75345 21 75370 46 76048 72 76752 72 77457 71 78161 71 78864 72 79568 73 80272 73 80976 73 81680 73 82386 70 83091 69 83797 67 84503 64 85208 14 85229 42 85914 11 85936 38 86618 8 86648 29 87310 1 87320 11 87358 22 88025 8 88066 17 88732 2 88773 13 89438 2 89482 1 89486 3 90142 3
d48ec7815252,220447 24 221150 28 221852 32 222555 36 223257 43 223960 47 224664 50 225367 53 226070 55 226774 56 227477 58 228180 60 228884 60 229587 62 230290 63 230994 64 231698 65 232402 65 233106 66 233810 66 234514 67 235219 67 235924 67 236629 67 237335 65 238041 65 238748 63 239454 62 240161 60 240866 60 241572 59 242278 58 242983 57 243689 55 244394 53 245099 51 245804 49 246510 47 247215 45 247920 31 247952 2 247956 7 248625 29 248661 5 249329 28 249366 3 250034 25 250071 2 250739 23 251444 22 252149 20 252854 19 253559 18 254263 18 254968 17 255673 16 256378 16 257083 15 257788 14 258492 15 259197 3 259204 7 259910 4
d48ec7815252,154786 27 155473 45 156169 54 156867 59 157567 62 158269 63 158972 61 159676 57 160379 55 161082 53 161785 52 162489 50 163193 47 163897 46 164601 43 165305 38 166009 34 166713 28 167417 25 168121 21 168825 17 169529 14 170233 10
d48ec7815252,238396 7 239095 12 239798 13 240499 15 241200 18 241900 22 242604 21 243307 22 244007 26 244709 27 245412 28 246115 29 246816 31 247518 33 248219 35 248921 36 249623 37 250323 40 251022 43 251725 43 252429 42 253133 41 253837 40 254541 39 255244 39 255946 41 256649 40 257353 39 258056 39 258759 39 259463 38 260167 36 260870 36 261574 35 262277 35 262981 34 263685 33 264389 32 265092 32 265796 31 266500 30 267204 29 267908 28 268612 27 269316 26 270019 26 270723 25 271427 24 272131 23 272834 23 273538 22 274241 22 274945 21 275649 21 276352 21 277055 21 277759 20 278462 20 279166 20 279869 20 280572 20 281275 21 281979 20 282681 22 283382 25 284086 25 284790 24 285493 24 286197 23 286901 22 287605 22 288310 20 289014 19 289718 19 290425 13
d48ec7815252,270294 3 270996 6 271699 7 272403 7 273106 8 273809 8 274512 8 275215 8 275919 6 276621 7 277324 7 278028 6 278731 6 279434 6 280101 4 280137 7 280805 4 280840 7 281509 6 281543 7 282213 8 282246 7 282918 8 282949 8 283623 8 283652 8 284328 9 284355 9 285033 10 285058 9 285739 10 285761 10 286443 12 286462 13 287148 31 287854 29 288560 27 289265 26 289970 25 290676 22 291380 22 292084 22 292789 20 293494 19 294198 19 294901 20 295605 20 296309 19 297013 19 297717 18 298422 17 299127 16 299830 17 300534 16 301238 15 301931 2 301942 9 302634 2 302647 5 303337 1 303352 1 306185 1
d48ec7815252,104777 4 105480 7 106182 10 106884 12 107587 12 108289 14 108992 15 109695 16 110398 17 111102 16 111806 17 112509 18 113212 18 113916 18 114619 19 115322 20 116025 21 116729 20 117432 20 118135 19 118838 18 119541 17 120245 16 120948 16 121651 16 122355 15 123059 14 123762 15 124465 15 125168 16 125872 15 126575 16 127278 16 127981 17 128684 17 129387 17 130089 15 130105 2 130792 14 131495 14 132198 13 132900 14 133591 1 133602 16 134311 10 135016 9 135721 9 136426 8 137103 2 137130 8 137834 8 138539 6 139243 6 139947 5 140652 4 141357 2 142061 3 142766 2 142779 4 143484 3 144196 1 144900 3 145606 2 146311 3 147724 4
d48ec7815252,27561 3 27574 1 28266 4 28278 3 28970 7 28983 4 29676 18 30381 19 31087 19 31793 19 32498 20 33204 20 33910 19 34615 19 35320 20 36026 19 36731 19 37437 19 38143 17 38848 17 39554 16 40261 14 40967 13 41673 12 42378 13 43084 13 43790 12 44495 13 45200 15 45905 17 46610 21 47315 21 48020 23 48725 25 49431 23 50137 22 50842 21 51548 19 52253 19 52959 18 53664 18 54369 18 55074 18 55779 17 56484 16 57190 15 57895 14 58601 13 59306 12 60012 9 60717 8 61423 5 62130 2
d8bfd1dafdc4,822 9 1526 10 2230 11 2933 12 3638 12 4342 13 5046 13 5750 13 6454 14 7158 15 7863 14 8567 15 9271 15 9975 16 10679 16 11383 17 12087 18 12792 17 13496 17 14200 18 14904 19 15609 18 16313 18 17017 18 17721 19 18425 19 19129 19 19833 20 20537 20 21241 20 21945 20 22649 21 23353 21 24058 20 24762 21 25466 21 26170 21 26874 21 27579 21 28283 21 28988 21 29692 21 30395 22 31100 22 31804 22 32508 23 33212 23 33916 24 34620 24 35324 24 36029 23 36733 23 37437 23 38141 23 38846 22 39550 22 40254 22 40959 20 41663 20 42367 20 43072 19 43777 17 44481 17 45185 17 45890 15 46594 15 47299 14 48004 12 48708 12 49413 10 50117 8
d8bfd1dafdc4,70392 3 71095 4 71799 4 72502 5 73205 6 73909 5 74612 6 75315 7 76019 7 76723 6 77426 7 78130 6 78833 7 79537 6 80240 7 80944 7 81648 7 82351 7 83055 7 83759 6 84463 6 85166 7 85870 7 86574 7 87277 7 87981 7 88685 7 89388 7 90092 7 90796 7 91499 8 92203 8 92907 7 93611 7 94314 8 95018 7 95722 7 96425 8 97129 8 97833 7 98537 7 99241 7 99944 7 100648 7 101352 7 102056 7 102760 7 103463 7 104167 7 104871 7 105575 7 106278 8 106982 9 107686 9 108389 10 109093 10 109796 11 110500 12 111204 12 111907 15 112611 16 113314 21 114017 23 114720 29 115424 30 116127 31 116831 31 117534 33 118238 25 118266 4 118940 20 119642 20 120345 19 121049 17 121752 15 122455 14 123159 14 123862 13 124563 14 125266 14 125969 13 126672 13 127376 12 128079 11 128782 11 129485 11 130188 11 130892 10 131596 8 132300 6 133004 4
d8bfd1dafdc4,1580 11 1592 24 1617 2 1622 1 2282 50 2986 50 3691 50 4395 47 4444 1 5100 34 5804 30 6508 27 7213 22 7917 21 8621 20 9325 18 10030 16 10734 15 11438 14 12142 13 12846 12 13550 12 14254 11 14958 11 15662 10 16366 10 17070 10 17774 9 18478 9 19182 9 19886 8 20590 8 21294 8 21998 8 22701 9 23405 8 24109 8 24813 7 25516 8 26220 8 26924 7 27628 7 28331 7 29035 7 29739 7 30442 8 31146 8 31850 7 32554 7 33257 8 33961 8 34665 8 35369 7 36073 7 36777 7 37481 7 38185 7 38888 8 39592 7 40296 7 41000 7 41704 7 42408 7 43112 7 43816 7 44520 6 45224 6 45928 6 46632 6 47336 6 48040 6 48744 6 49448 5 50152 5 50856 5 51560 5 52264 5 52968 4 53672 4 54376 4 55080 4 55784 4 56489 2 57193 2
d8bfd1dafdc4,1057 11 1758 17 2463 18 3167 20 3873 21 4578 22 5282 25 5987 26 6692 30 7397 32 8101 34 8807 35 9511 38 10215 40 10920 41 11624 43 12329 44 13033 46 13737 47 14441 49 15145 50 15850 50 16554 52 17258 53 17963 53 18668 53 19373 54 20079 53 20784 53 21489 54 22196 1 22202 47 22909 45 23617 9 23630 30 24345 21 25054 19 25761 17 26467 17 27175 16 27881 16 28588 16 29294 16 30001 17 30707 18 31413 20 32120 21 32827 20 33533 21 34240 21 34947 21 35656 18 36363 16 37073 10 37780 6
d8bfd1dafdc4,122851 9 123547 21 124243 32 124943 39 125645 43 126349 45 127052 49 127756 50 128460 51 129164 52 129868 53 130572 54 131276 55 131980 56 132684 57 133388 58 134093 57 134797 58 135503 57 136208 57 136914 55 137619 55 138324 54 139030 53 139735 53 140441 51 141147 50 141853 49 142558 49 143264 48 143970 47 144675 47 145380 47 146085 47 146790 46 147495 46 148201 46 148906 46 149611 46 150316 46 151024 4 151037 30 151745 26 152450 27 153156 26 153861 26 154567 25 155272 25 155977 25 156682 24 157387 24 158092 24 158797 24 159502 24 160207 25 160912 25 161618 24 162324 23 163029 22 163735 20 164440 19 165146 17 165851 16 166556 15 167269 3
d8bfd1dafdc4,115904 2 116607 8 117311 10 118015 13 118720 13 119426 12 120132 12 120838 13 121544 13 122249 14 122955 14 123660 15 124366 15 125072 16 125778 16 126484 17 127191 16 127897 17 128603 18 129310 17 130016 19 130721 22 131428 25 132134 31 132840 33 133548 35 134256 39 134964 42 135674 41 136384 41 137096 36 137805 32 137843 3 138517 45 139225 46 139934 45 140643 42 141356 36 142066 31 142774 29 143485 14 143503 4
d8bfd1dafdc4,162542 1 163242 6 163945 8 164649 9 165352 11 166055 13 166758 13 167461 14 168165 14 168868 15 169571 15 170275 14 170978 14 171681 14 172385 13 173088 13 173792 12 174495 12 175199 12 175902 12 176605 11 177307 12 178010 11 178713 11 179416 11 180119 11 180823 11 181526 11 182230 10 182933 9 183635 10 184338 9 185041 9 185744 9 186447 9 187150 9 187854 9 188557 9 189260 9 189963 9 190666 8 191369 9 192072 9 192776 8 193479 9 194182 9 194885 9 195588 9 196291 9 196993 9 197697 8 198400 9 199103 9 199806 9 200509 10 201213 9 201916 9 202618 9 203321 9 204024 9 204728 9 205431 9 206134 10 206838 9 207541 9 208243 10 208946 9 209649 9 210352 9 211055 9 211759 9 212462 9 213166 9 213869 9 214571 10 215273 11 215975 12 216679 11 217382 11 218085 11 218789 10 219492 10 220195 10 220898 9 221599 9 222302 9 223005 9 223709 9 224412 9 225116 9 225819 9 226522 9 227224 8 227926 8 228629 8 229333 8 230036 8 230739 9 231443 9 232146 9 232849 9 233551 9 234252 9 234955 9 235659 8 236362 8 237066 7 237769 7 238474 5 239180 2
d8bfd1dafdc4,338738 3 339441 6 340146 6 340850 8 341555 8 342260 8 342964 10 343670 10 344374 11 345079 11 345784 12 346488 13 347193 13 347897 14 348602 15 349307 17 350011 19 350716 20 351421 22 352125 24 352830 25 353535 26 354239 27 354944 29 355649 30 356354 33 357059 39 357763 48 358468 49 359173 49 359878 49 360583 48 361288 48 361993 47 362699 44
d8bfd1dafdc4,227788 2 228489 7 229191 9 229895 9 230598 10 231302 10 232006 10 232709 11 233413 11 234116 12 234820 12 235523 13 236227 13 236930 14 237633 14 238337 14 239041 13 239744 14 240448 14 241151 14 241854 15 242558 15 243261 15 243964 15 244668 14 245371 15 246075 14 246778 15 247481 15 248184 16 248887 16 249591 16 250294 17 250997 17 251700 18 252404 18 253107 19 253809 21 254512 22 255216 21 255919 22 256622 22 257325 23 258029 23 258732 23 259435 24 260139 23 260842 23 261546 23 262249 23 262953 22 263656 23 264360 22 265063 22 265767 21 266471 21 267174 21 267878 21 268581 21 269285 20 269988 20 270691 20 271395 19 272098 19 272802 19 273505 19 274209 18 274912 17 275616 16 276320 15 277023 16 277727 15 278431 14 279134 14 279837 14 280541 13 281245 12 281948 12 282652 11 283355 10 284059 10 284762 10 285465 10 286169 9 286872 9 287576 8 288280 7 288983 7 289687 7 290390 7 291093 8 291796 8 292500 8 293204 6 293908 6 294612 5 295316 4 296020 3 296724 1
d8bfd1dafdc4,12789 1 13492 4 14196 4 14900 4 15604 5 16307 6 17011 6 17715 6 18418 7 19121 8 19824 9 20527 10 21230 11 21934 11 22637 12 23341 12 24044 14 24747 15 25450 16 26154 16 26857 17 27560 19 28263 20 28966 22 29670 22 30373 22 31076 24 31780 24 32484 24 33188 24 33891 25 34595 25 35299 25 36003 26 36706 27 37410 27 38114 27 38818 27 39521 28 40225 27 40928 28 41632 28 42336 29 43039 30 43742 31 44445 32 45148 33 45852 33 46555 35 47258 36 47961 37 48665 38 49368 39 50070 41 50774 42 51477 43 52180 44 52883 46 53587 46 54291 46 54994 47 55699 46 56403 12 56416 33 57107 8 57124 29 57812 1 57830 27 58535 26 59241 12 59257 8 59947 9 59962 7 60653 6 60667 6 61371 6 62076 5 62782 3 63486 3 64191 2 64895 1
d8bfd1dafdc4,196090 1 196792 6 197492 11 198193 14 198896 15 199599 16 200301 18 201003 20 201705 22 202407 24 203109 26 203812 27 204514 28 205215 29 205915 33 206617 34 207320 34 208022 35 208724 36 209426 38 210129 38 210830 40 211533 41 212236 40 212938 41 213640 43 214343 43 215045 43 215747 43 216449 43 217152 42 217856 39 218558 39 219260 40 219963 39 220666 38 221369 37 222072 37 222775 36 223476 38 224177 40 224881 38 225584 37 226288 36 226991 36 227694 36 228397 36 229100 36 229802 36 230505 36 231209 35 231912 35 232615 35 233317 36 234021 35 234724 36 235427 35 236131 35 236834 35 237538 34 238240 36 238943 36 239645 37 240349 36 241052 37 241756 36 242459 36 243163 35 243866 36 244570 35 245272 36 245974 38 246676 39 247378 41 248081 41 248785 40 249489 39 250193 39 250892 43 251596 42 252300 41 253004 40 253708 39 254412 38 255116 37 255820 37 256524 36 257228 36 257932 35 258636 34 259340 32 260044 31 260748 31 261452 29 262156 28 262860 27 263564 26 264268 25 264977 19 265682 17 266387 16
d8bfd1dafdc4,266450 1 266460 2 267151 7 267162 5 267855 16 268560 15 269264 15 269969 13 270673 12 271377 11 272081 11 272785 10 273488 11 274191 10 274894 9 275597 8 276300 8 277003 8 277706 8 278408 9 279111 9 279814 9 280517 9 281156 4 281220 9 281860 5 281923 10 282564 6 282626 10 283268 9 283329 10 283973 9 284032 10 284677 10 284734 11 285382 10 285437 11 286087 11 286140 11 286792 10 286842 13 287497 10 287544 15 288202 11 288246 16 288908 11 288949 16 289614 10 289652 16 290319 10 290355 16 291024 10 291058 16 291729 11 291761 17 292434 14 292463 18 293139 15 293164 19 293845 15 293866 20 294551 38 295256 35 295961 33 296666 30 297372 25 298078 21 298783 17 299489 12 300196 6
d8bfd1dafdc4,228524 8 229227 10 229930 12 230633 13 231337 14 232040 17 232742 19 233444 21 234148 21 234850 24 235554 24 236256 26 236959 26 237661 28 238364 29 239067 29 239770 29 240473 27 241176 27 241878 27 242581 27 243285 24 243988 23 244691 22 245394 21 246097 20 246800 17 247503 15 248205 16 248909 13 249612 13 250316 12 251019 11 251721 12 252425 11 253128 10 253832 8 254536 8 255240 7 255943 8 256647 8 257351 7 258054 8 258758 8 259461 9 260165 8 260869 8 261572 9 262276 8 262980 8 263684 7 264388 7 265092 7 265796 7 266500 7 267204 7 267908 7 268612 6 269316 6 270019 7 270723 7 271427 7 272131 6 272835 6 273539 6 274243 5 274947 5 275650 6 276354 5 277058 5 277762 5 278466 5 279170 4 279874 4 280578 4 281282 4 281986 4 282690 4 283394 4 284098 4 284801 4 285505 4 286209 4 286913 4 287617 4 288321 4 289024 5 289728 4 290432 4 291136 4 291840 3
d8bfd1dafdc4,263845 4 264544 9 265247 11 265952 9 266656 9 267366 3 270182 3 270884 6 271587 7 272290 8 272993 9 273698 8 274402 8 275106 8 275811 6 276515 6 277218 8 277921 9 278625 9 279329 9 280033 10 280736 10 281440 10 282144 10 282848 10 283551 10 284255 10 284960 10 285664 10 286368 10 287072 10 287776 10 288479 11 289183 11 289887 10 290591 10 291294 11 291998 11 292703 10 293407 11 294111 11 294815 11 295519 11 296223 11 296926 12 297630 12 298334 12 299038 12 299742 12 300446 12 301150 12 301854 12 302558 12 303262 12 303966 12 304670 12 305374 12 306078 11 306782 12 307486 12 308190 12 308894 12 309598 12 310302 12 311006 12 311529 8 311710 12 312231 16 312414 12 312935 18 313118 12 313640 19 313822 12 314346 18 314526 12 315052 18 315230 13 315758 19 315934 13 316463 22 316638 13 317169 23 317342 13 317875 23 318046 13 318582 22 318750 13 319291 20 319454 13 319998 19 320159 11 320704 18 320863 11 321409 18 321567 11 322115 18 322271 12 322821 18 322975 12 323527 19 323678 13 324233 20 324382 13 324938 21 325086 13 325644 21 325790 13 326350 22 326494 13 327056 23 327198 13 327762 23 327901 14 328468 23 328605 14 329174 22 329308 15 329882 20 330012 16 330588 21 330715 17 331294 22 331417 19 331999 24 332120 20 332706 22 332823 21 333414 20 333526 22 334120 19 334228 24 334826 20 334920 6 334929 26 335531 22 335622 37 336236 23 336325 38 336942 23 337027 40 337650 21 337729 42 338356 21 338426 49 339061 22 339127 52 339766 23 339829 54 340472 23 340531 56 341179 24 341232 39 341275 16 341885 27 341925 48 341984 11 342590 28 342628 46 342692 6 343295 28 343331 46 343399 3 344002 27 344034 40 344709 26 344736 38 345415 60 346122 54 346827 44 347533 40 348240 35 348947 29 349653 24 350358 22 351063 20 351768 19 352473 17 353178 16 353882 15 354587 14 354672 1 355292 11 355996 9 356701 6 357406 3 358111 1
d8bfd1dafdc4,49852 7 50551 15 51255 16 51958 17 52662 17 53366 17 54070 17 54774 17 55478 18 56182 18 56886 18 57590 18 57624 7 58294 18 58328 8 58998 18 59031 9 59701 19 59735 10 60405 19 60438 12 61108 21 61142 12 61812 21 61845 13 62515 22 62548 15 63219 23 63251 16 63922 25 63954 17 64625 27 64654 22 65328 52 66031 54 66734 55 67437 57 68140 59 68843 60 69546 61 70248 63 70952 63 71654 65 72356 67 73059 69 73762 69 74465 70 75168 71 75874 69 76579 67 77284 66 77988 65 78692 1 78696 60 79400 59 80104 58 80808 57 81512 57 82216 56 82920 55 83624 54 84328 53 85033 51 85737 50 86443 48 87148 46 87849 2 87853 44 88553 2 88557 43 89261 42 89966 41 90670 40 91374 39 92078 38 92782 37 93487 36 94194 32 94898 32 95602 31 96307 30 97011 29 97715 29 98419 29 99123 29 99827 28 100531 28 101236 26 101940 26 102646 23 103351 21 104056 20 104760 19 105465 18 106170 16 106875 14 107581 11 108286 9 108990 8 109697 4
d8bfd1dafdc4,52236 2 52937 6 53641 6 54345 6 55049 7 55753 7 56457 7 57161 7 57865 7 58569 7 59273 8 59978 7 60682 7 61387 6 62091 6 62795 6 63499 7 64203 7 64907 7 65611 7 66315 7 67019 8 67723 8 68427 8 69132 7 69836 7 70540 8 71244 8 71948 8 72653 8 73357 8 74061 8 74765 8 75470 8 76174 8 76878 8 77582 8 78287 8 78991 8 79695 8 80399 9 81103 9 81808 8 82512 9 83216 9 83920 9 84624 9 85329 8 86033 8 86737 9 87441 9 88145 9 88850 9 89554 9 90258 10 90963 9 91667 10 92372 9 93076 10 93780 10 94484 11 95188 12 95893 11 96597 12 97302 11 98006 12 98711 11 99415 12 100119 13 100824 13 101528 13 102232 14 102936 15 103640 16 104344 17 105049 17 105753 17 106457 18 107161 20 107865 21 108570 21 109275 21 109980 21 110685 22 111391 21 112096 22 112800 24 113505 24 114210 23 114915 24 115620 24 116327 22 117033 21 117738 22 118443 23 119148 22 119852 22 120557 21 121261 21 121970 15
d8bfd1dafdc4,215514 6 216217 9 216920 12 217623 14 218326 16 219029 17 219696 1 219733 17 220399 5 220436 18 221103 7 221140 17 221804 12 221843 16 222507 13 222546 15 223211 14 223248 15 223914 15 223951 15 224618 17 224654 15 225322 21 225355 16 226026 26 226054 20 226730 47 227434 46 228138 45 228843 43 229547 43 230251 43 230955 42 231659 42 232363 41 233067 40 233771 39 234475 38 235180 36 235883 36 236587 36 237292 34 237996 32 238700 31 239404 29 240108 27 240812 24 241516 22 242220 21 242924 20 243628 20 244332 19 245037 17 245741 17 246446 15 247150 15 247855 14 248559 14 249264 13 249968 12 250673 11 251377 11 252082 10 252788 7 253493 6 254199 1
d8bfd1dafdc4,175519 2 176222 5 176926 5 177630 5 178334 6 179038 6 179742 6 180446 7 181150 7 181853 8 182557 8 183261 8 183965 9 184669 9 185373 9 186077 10 186780 11 187484 11 188188 12 188892 12 189596 12 190300 12 191004 13 191707 14 192411 15 193114 16 193818 16 194522 17 195226 17 195929 19 196633 19 197337 19 198041 20 198744 21 199448 22 200151 23 200854 25 201558 25 202262 26 202966 27 203670 28 204373 29 205077 30 205780 32 206484 32 207188 33 207891 35 208594 37 209297 38 210001 38 210704 39 211407 40 212110 40 212814 37 213518 19 213538 1 213544 6 214222 17 214925 15 215629 14 216333 12 217038 8
d8bfd1dafdc4,326285 2 326987 5 327691 6 328395 6 329100 6 329804 7 330509 6 331214 6 331918 6 332623 5 333327 6 334031 6 334735 8 335440 7 335457 6 336144 8 336157 11 336848 24 337552 24 338256 23 338960 21 339664 17 340368 13 341072 10 341775 9 342479 8 343183 7 343886 7 344590 6 345293 7 345997 6 346700 7 347404 7 348108 6 348811 7 349514 7 350218 7 350922 6 351625 7 352328 7 353032 7 353736 6 354439 6 355143 6 355846 7 356550 6 357253 7 357957 6 358660 7 359364 6 360067 7 360771 7 361474 7 362177 8 362880 9 363584 8 364287 8
d8bfd1dafdc4,338847 2 339551 3 340255 3 340959 3 341663 4 342366 5 343069 6 343772 7 344473 10 345175 13 345877 16 346581 19 347284 22 347988 23 348692 24 349395 25 350099 26 350803 26 351507 27 352210 28 352914 9 352925 17 353618 6 353631 15 354321 6 354338 13 355025 5 355044 12 355728 6 355750 10 356432 5 356455 10 357136 5 357161 9 357839 5 357866 9 358543 5 358571 8 359247 4 359276 8 359952 2 359980 8 360685 8 361390 7 362095 7 362800 6 363505 6 364210 6 364914 6
d8bfd1dafdc4,326751 1 326755 3 326759 4 327451 1 327454 16 328154 21 328857 21 329561 22 330262 25 330965 26 331667 28 332369 30 333072 31 333775 32 334476 35 335179 37 335883 37 336586 39 337288 41 337991 43 338694 44 339398 43 340102 44 340805 45 341509 46 342213 47 342917 47 343622 48 344326 48 345030 49 345735 49 346439 49 347144 49 347848 49 348553 49 349257 50 349962 49 350667 48 351372 48 352077 47 352781 47 353486 46 354190 45 354895 44 355600 43 356305 41 357009 41 357713 41 358418 40 359122 40 359826 39 360531 38 361235 37 361940 36 362644 35 363348 35 364053 34 364760 27
d8bfd1dafdc4,288189 6 288892 8 289595 10 290298 11 291001 13 291705 13 292408 15 293112 15 293815 17 294519 17 295223 18 295927 19 296631 19 297335 20 298039 20 298743 21 299447 22 300151 24 300855 25 301560 34 302264 35 302968 35 303672 35 304377 34 305081 34 305785 34 306490 33 307194 33 307898 33 308603 32 309307 32 310011 32 310715 32 311420 31 312124 31 312828 30 313532 30 314236 29 314940 28 315644 27 316348 26 317052 25 317756 24 318460 23 319164 22 319868 22 320572 21 321276 20 321980 20 322684 19 323388 19 324093 18 324797 18 325502 16 326206 16 326911 15 327616 14 328320 13 329024 13 329728 13 330433 12 331137 12 331841 11 332545 11 333249 11 333954 10 334658 10 335362 10 336066 10 336770 10 337474 10 338178 10 338882 10 339586 10 340290 10 340994 9 341699 8 342403 8 343107 7 343811 7 344516 5
d8bfd1dafdc4,8457 1 9160 2 9864 3 10568 3 11272 4 11976 4 12680 5 13385 4 14089 4 14793 5 15498 5 16203 5 16908 5 17613 5 18317 5 19021 6 19726 5 20430 6 21134 7 21838 8 22543 8 23247 8 23952 8 24656 8 25360 9 26064 10 26768 11 27473 11 28177 12 28882 11 29586 12 30290 13 30995 13 31700 13 32405 13 33109 14 33814 14 34518 15 35223 16 35927 17 36632 18 37336 20 38041 20 38745 22 39450 25 40154 27 40859 37 41563 44 42268 48 42972 50 43677 50 44381 50 45086 50 45791 49 46495 46 47200 39 47904 37 48609 34 49314 32 50018 31 50723 29 51428 28 52133 26 52838 25 53543 23 54248 21 54953 19 55658 18 56363 15 57069 10
d8bfd1dafdc4,16898 1 17602 2 18306 3 19010 3 19714 4 20418 4 21122 5 21826 5 22530 6 23234 6 23938 7 24642 7 25346 7 26050 8 26754 8 27458 9 28162 9 28866 9 29570 10 30274 10 30978 11 31683 10 32387 11 33091 11 33796 11 34501 11 35206 10 35913 8 36618 8 37323 7 38028 7 38733 5 39438 4
d8bfd1dafdc4,209171 7 209877 10 210581 16 211287 21 211991 24 212696 27 213401 28 214107 28 214812 29 215520 26 216226 26 216932 25 217637 26 218343 26 219050 24 219758 22 220466 21 221172 21 221879 20 222586 19 223293 18 224000 17 224708 16 225415 15 226123 14 226829 13 227536 12 228242 11 228949 9 229656 6 230362 2
d8bfd1dafdc4,303707 4 304411 5 305115 6 305819 8 305835 7 306523 10 306538 10 307228 10 307242 13 307932 11 307945 16 308636 31 309340 33 310044 35 310749 33 310788 5 311454 16 311472 4 311491 6 312158 14 312194 8 312863 13 312894 1 312898 7 313568 13 313585 1 313598 11 314272 13 314289 1 314301 12 314977 13 314991 4 315000 1 315004 13 315681 19 315703 3 315708 12 316385 19 316406 4 316412 12 317089 38 317793 38 318497 37 319201 37 319905 37 320609 36 321313 36 322017 36 322720 37 323424 37 324128 14 324151 14 324831 10 324861 7 325534 9 325566 5 326238 8 326941 8 327645 8 328349 7 329052 8 329755 8 330458 7 331161 8 331864 8 332568 7 333271 7 333974 7 334677 8 335380 8 336083 7 336786 8 337490 7 338193 7 338896 7 339598 9 340302 8 341005 7 341708 8 342411 8 343114 9 343818 8 344521 8 345223 9 345927 9 346630 9 347333 9 348035 10 348735 13 349439 11 350143 8 350846 7 351552 4 352258 1
d8bfd1dafdc4,166775 2 167479 2 168183 3 168887 4 169591 6 170295 6 170999 7 171705 6 172409 8 173113 8 173818 8 174522 8 175227 8 175931 8 176635 8 177339 9 178043 9 178748 8 179452 8 180156 8 180861 8 181565 8 182269 9 182973 10 183677 11 184381 12 185085 14 185789 15 186493 17 187198 17 187902 18 188606 19 189310 20 190014 22 190718 23 191422 24 192126 7 192136 17 192830 6 192841 16 193534 6 193546 16 194238 6 194252 1 194254 12 194942 6 194960 10 195646 6 195668 6 196351 5 196376 1 197055 5 197759 5 198463 5 199167 5 199871 5 200575 5 201279 5 201983 6 202687 6 203391 6 204096 5 204800 5 205504 5 206208 5 206912 5 207616 5 208320 5 209024 5 209728 5 210432 5 211137 4 211841 4 212545 4 213249 4 213953 5 214657 5 215361 5 216065 5 216769 5 217473 5 218177 5 218881 5 219586 4 220290 4 220994 4 221698 4 222402 4 223106 4 223810 4 224514 4 225218 4 225923 3 226627 3 227331 4 228035 4 228739 4 229443 4 230147 4 230851 4 231555 4 232259 4 232963 4 233667 4 234371 5 235075 5 235780 4 236484 4 237188 4 237892 4 238596 4 239300 4 240004 4 240708 4 241412 4 242116 4 242820 4 243524 4 244228 4 244932 4 245636 4 246340 4 247044 5 247749 4 248453 4 249157 4 249861 4 250565 4 251269 4 251973 4 252677 4 253381 4 254085 5 254789 5 255493 5 256197 5 256901 5 257605 5 258309 5 259014 3 259719 2
d8bfd1dafdc4,212230 4 212930 8 213632 8 214332 11 215033 12 215735 12 216437 12 217138 14 217841 14 218543 14 219246 14 219948 14 220651 13 221354 13 222056 14 222759 14 223462 13 224165 12 224867 14 225570 13 226273 13 226975 14 227677 14 228380 14 229082 14 229785 14 230487 16 231188 18 231891 18 232593 18 233295 19 233998 19 234701 19 235404 19 236108 17 236811 16 237514 15 238218 11 238922 6
d8bfd1dafdc4,47474 7 48177 9 48881 10 49584 13 50288 14 50992 14 51696 14 52400 15 53105 14 53809 14 54512 15 55216 15 55920 15 56624 15 57328 14 58032 14 58736 14 59440 13 60143 13 60847 11 61551 10 62255 10 62958 10 63662 9 64366 7 65069 8 65773 7 66476 8 67180 8 67883 8 68586 8 69290 7 69993 8 70697 8 71400 8 72104 8 72807 8 73511 8 74214 8 74917 9 75620 9 76324 9 77027 9 77730 10 78434 9 79137 10 79840 11 80543 11 81247 11 81950 11 82654 11 83358 11 84061 11 84765 11 85469 11 86173 11 86877 10 87580 11 88284 11 88988 10 89692 10 90396 10 91100 9 91803 10 92507 9 93211 9 93915 9 94619 8 95322 9 96026 9 96730 8 97434 8 98138 8 98841 8 99545 8 100249 8 100952 8 101656 8 102360 8 103063 9 103767 9 104471 9 105174 10 105878 10 106582 10 107285 11 107989 11 108692 12 109396 13 110100 13 110803 13 111507 13 112211 13 112914 14 113617 15 114321 16 115024 16 115727 17 116431 16 117134 17 117837 17 118540 18 119242 20 119945 21 120648 21 121352 21 122055 21 122758 22 123463 19
d8bfd1dafdc4,226413 5 227117 6 227821 6 234169 1 235578 1 236282 1 236985 2 237689 2 238393 1 239096 1 239799 1 240500 2 241203 2 241905 3 242608 1 243309 2 244011 3 244690 1 244713 3 245415 2 246117 2 246799 1 246817 3 247502 1 247518 1 248922 1 250315 1 251018 1 253831 1 253840 1 254534 2 255238 2 255941 2 256645 2 257349 2 258053 1 258757 1
d8bfd1dafdc4,350970 1 351672 3 352376 4 353078 5 353782 5 354485 5 355188 6 355891 6 356593 7 357294 10 357985 22 358683 28 359382 32 360082 37 360781 42 361481 23 361523 4 362185 18 362229 3 362879 1 362889 14 362934 3 363583 1 363592 12 363640 1 364295 10 364991 15
d8bfd1dafdc4,290837 2 291541 3 292244 4 292946 6 293648 8 294351 8 295055 7 295759 6 296462 7 297166 6 297869 7 298573 7 299275 8 299978 8 300681 9 301385 8 302089 8 302793 8 303496 9 304199 9 304902 10 305560 2 305606 10 306263 5 306310 11 306966 8 307013 12 307670 9 307717 12 308374 9 308420 13 309077 10 309122 15 309781 9 309825 17 310485 10 310529 18 311189 11 311232 18 311893 11 311936 19 312597 11 312638 22 313301 12 313339 25 314005 13 314041 28 314709 16 314743 30 315413 29 315443 35 316117 65 316820 67 317524 67 318229 66 318932 68 319636 68 320339 68 321043 67 321748 65 322452 65 323156 64 323861 63 324566 61 325271 59 325977 56 326683 52 327389 49 328095 45 328802 39 329508 36 330213 31 330919 28 331624 25 332329 22 333035 17
d8bfd1dafdc4,200648 6 201350 12 202054 13 202756 15 203459 16 204163 16 204866 16 205570 17 206274 17 206978 18 207682 18 208386 18 209090 19 209794 19 210498 19 211202 19 211906 19 212610 21 213314 21 214018 21 214722 18 215426 18 216130 17 216834 17 217538 17 218242 16 218946 16 219650 16 220354 15 221058 15 221762 15 222467 14 223171 14 223875 14 224580 13 225285 12 225989 12 226694 11 227398 11 228103 10 228808 9 229512 9 230217 9 230921 9 231625 9 232329 9 233034 9 233738 9 234442 10 235146 10 235850 10 236554 11 237259 11 237963 12 238667 12 239371 13 240076 15 240780 16 241484 17 242188 19 242893 18 243597 18 244301 18 245005 18 245710 17 246414 18 247118 18 247822 18 248527 16 249232 15 249937 5 249943 3 249950 1 250642 3
d8bfd1dafdc4,123198 2 123900 4 124602 6 125304 8 126006 10 126709 9 127411 9 128113 10 128815 11 129517 11 130219 12 130923 10 131626 9 132328 10 133030 10 133733 9 134436 9 135138 10 135841 9 136543 10 137245 10 137947 11 138649 12 139352 11 140054 12 140757 11 141459 12 142162 11 142864 12 143566 12 144269 12 144973 11 145675 11 146377 12 147080 12 147783 11 148485 13 149188 13 149892 12 150595 11 151299 11 152002 11 152706 10 153410 9 154115 7 154820 5
d8bfd1dafdc4,152263 5 152965 8 153670 7 154374 8 155078 8 155782 8 156487 7 157191 7 157895 7 158600 7 159304 7 160008 7 160713 6 161417 6 162121 7 162825 7 163529 7 164233 7 164937 7 165641 8 166345 8 167049 8 167753 8 168457 9 169161 9 169865 10 170569 10 171273 11 171976 13 172680 14 173384 15 174088 15 174791 16 175495 15 176199 14 176902 14 177606 12 178310 11 179013 11 179717 10 180420 10 181124 10 181828 9 182531 9 183234 9 183938 9 184641 9 185345 9 186048 10 186752 9 187456 9 188160 8 188864 8 189568 8 190272 7 190976 7 191680 6 192384 6 193088 6 193791 6 194495 6 195199 6 195903 6 196607 6 197311 5 198015 5 198718 6 199422 6 200126 6 200830 6 201534 5 202238 5 202942 5 203646 4 204350 4 205054 4 205759 2
d8bfd1dafdc4,282451 26 282481 9 283150 48 283850 58 284552 62 285255 64 285958 66 286661 68 287365 70 288067 73 288770 75 289474 75 290178 75 290881 76 291586 75 292290 75 292994 75 293698 75 294401 76 295104 77 295807 76 296510 76 297214 75 297919 73 298624 72 299330 54 299393 5 300035 41 300741 34 301445 29 302151 20 302857 11
d8bfd1dafdc4,251874 2 252577 4 253281 5 253985 5 254689 5 255393 5 256097 5 256801 5 257505 5 258209 5 258913 5 259617 5 260321 5 261025 5 261729 5 262433 5 263136 6 263840 5 267360 6 268064 6 268768 6 269472 6 270176 6 270880 4 271584 3 272288 2 272992 1 273696 2 274400 2 275104 2 275808 3 276512 3 277216 2 277920 1 278624 1 279328 1 280032 1 337067 1 337771 1 338475 2 339179 2 339883 2 340587 2 341291 3 341995 3 342691 1 342698 4 343396 3 343402 5 344100 11 344805 11 345510 10 346214 11 346919 10 347624 10 348328 10 349033 10 349738 9 350443 9 351147 9 351852 9 352556 9 353261 9 353966 8 354671 1 354673 6 355375 8 356079 8 356784 8 357488 8 358193 8 358898 7 359603 6 360307 7 361012 6 361716 6 362421 5 363125 6 363829 6 364533 5 365239 2
d8bfd1dafdc4,13154 11 13857 26 14561 26 15265 26 15969 26 16674 25 17379 24 18083 24 18788 22 19492 21 20196 21 20901 19 21605 19 22310 18 23014 17 23719 16 24423 16 25128 15 25832 15 26536 15 27240 15 27944 15 28649 15 29353 15 30058 14 30762 14 31466 14 32171 13 32875 13 33579 13 34283 14 34987 14 35690 15 36394 15 37098 15 37802 15 38505 16 39209 16 39913 16 40616 17 41320 17 42023 18 42727 18 43430 19 44133 20 44836 21 45540 21 46243 22 46946 23 47650 23 48352 25 49052 29 49753 32 50455 34 51153 41 51848 50 52548 55 53246 61 53943 2 53948 63 54646 51 54698 17 55348 36 55405 15 56046 34 56111 13 56744 35 56817 12 57445 35 57523 10 58145 30 58228 10 58843 27 58933 10 59541 31 59638 10 60245 24 60343 10 60949 17 61048 9 61653 14 61752 10 62357 10 62457 10 63061 4 63162 10 63765 1 63867 10 64573 9 65277 9 65983 8 66688 7 67393 7 68098 5 68802 5 69507 2
